<?xml version="1.0" encoding="utf-8" ?>
<dwsync>
<file name="check.cgi" server="ssl97.heteml.jp//" local="129829293600000000" remote="129829293600000000" />
<file name="config.cgi" server="ssl97.heteml.jp//" local="129837856200000000" remote="129837856200000000" />
<file name="export.csv.cgi" server="ssl97.heteml.jp//" local="129829293600000000" remote="129829293600000000" />
<file name="export.sql.cgi" server="ssl97.heteml.jp//" local="129829293600000000" remote="129829293600000000" />
<file name="functions.cgi" server="ssl97.heteml.jp//" local="129829293600000000" remote="129829293600000000" />
<file name="include.cgi" server="ssl97.heteml.jp//" local="129829293600000000" remote="129829293600000000" />
<file name="paypal.cancel.cgi" server="ssl97.heteml.jp//" local="129829293600000000" remote="129829293600000000" />
<file name="paypal.thanks.cgi" server="ssl97.heteml.jp//" local="129829293600000000" remote="129829293600000000" />
<file name="paypal_items.cgi" server="ssl97.heteml.jp//" local="129829293600000000" remote="129829293600000000" />
<file name="postlog.csv.cgi" server="ssl97.heteml.jp//" local="129829293600000000" remote="129829293600000000" />
<file name="send.cgi" server="ssl97.heteml.jp//" local="129829293600000000" remote="129829293600000000" />
<file name="serial.dat" server="ssl97.heteml.jp//" local="129834724800000000" remote="129834724800000000" />
<file name="time.dat" server="ssl97.heteml.jp//" local="129834724800000000" remote="129834724800000000" />
<file name="unique.dat" server="ssl97.heteml.jp//" local="129837855000000000" remote="129837855000000000" />
<file name="vcard.vcf.cgi" server="ssl97.heteml.jp//" local="129829293600000000" remote="129829293600000000" />
</dwsync>