<?xml version="1.0" encoding="utf-8" ?>
<dwsync>
<file name="mfp_cancel.gif" server="ssl97.heteml.jp//" local="129829293600000000" remote="129829293600000000" />
<file name="mfp_confirm.gif" server="ssl97.heteml.jp//" local="129829293600000000" remote="129829293600000000" />
<file name="mfp_error.gif" server="ssl97.heteml.jp//" local="129829293600000000" remote="129829293600000000" />
<file name="mfp_goconfirm.gif" server="ssl97.heteml.jp//" local="129829293600000000" remote="129829293600000000" />
<file name="mfp_h3.png" server="ssl97.heteml.jp//" local="129829293600000000" remote="129829293600000000" />
<file name="mfp_h32.png" server="ssl97.heteml.jp//" local="129829293600000000" remote="129829293600000000" />
<file name="mfp_loading.gif" server="ssl97.heteml.jp//" local="129829293600000000" remote="129829293600000000" />
<file name="mfp_must.gif" server="ssl97.heteml.jp//" local="129829293600000000" remote="129829293600000000" />
<file name="mfp_reset.gif" server="ssl97.heteml.jp//" local="129829293600000000" remote="129829293600000000" />
<file name="mfp_send.gif" server="ssl97.heteml.jp//" local="129829293600000000" remote="129829293600000000" />
<file name="mfp_table_background.png" server="ssl97.heteml.jp//" local="129829293600000000" remote="129829293600000000" />
<file name="mfp_table_bottom.png" server="ssl97.heteml.jp//" local="129829293600000000" remote="129829293600000000" />
<file name="mfp_table_top.png" server="ssl97.heteml.jp//" local="129829293600000000" remote="129829293600000000" />
<file name="scrollup.png" server="ssl97.heteml.jp//" local="129829293600000000" remote="129829293600000000" />
</dwsync>