<?xml version="1.0" encoding="utf-8" ?>
<dwsync>
<file name="_include.css" server="ssl97.heteml.jp//" local="129829293600000000" remote="129829293600000000" />
<file name="_include_wide.css" server="ssl97.heteml.jp//" local="129829293600000000" remote="129829293600000000" />
<file name="choice_date.js" server="ssl97.heteml.jp//" local="129829293600000000" remote="129829293600000000" />
<file name="choice_date2.js" server="ssl97.heteml.jp//" local="129828348600000000" remote="129828348600000000" />
<file name="choice_date3.js" server="ssl97.heteml.jp//" local="129828348600000000" remote="129828348600000000" />
<file name="confirm.mp3" server="ssl97.heteml.jp//" local="129829293600000000" remote="129829293600000000" />
<file name="dateselect.js" server="ssl97.heteml.jp//" local="129829293600000000" remote="129829293600000000" />
<file name="error.mp3" server="ssl97.heteml.jp//" local="129829293600000000" remote="129829293600000000" />
<file name="jquery.js" server="ssl97.heteml.jp//" local="129829293600000000" remote="129829293600000000" />
<file name="mailform.css" server="ssl97.heteml.jp//" local="129829329000000000" remote="129829329000000000" />
<file name="mailform.js" server="ssl97.heteml.jp//" local="129829293600000000" remote="129829293600000000" />
<file name="mfp.extensions.js" server="ssl97.heteml.jp//" local="129829293600000000" remote="129829293600000000" />
<file name="mfp.lang.js" server="ssl97.heteml.jp//" local="129829293600000000" remote="129829293600000000" />
<file name="mfp.version.js" server="ssl97.heteml.jp//" local="129829293600000000" remote="129829293600000000" />
<file name="se.swf" server="ssl97.heteml.jp//" local="129829293600000000" remote="129829293600000000" />
<file name="thanks.js" server="ssl97.heteml.jp//" local="129829293600000000" remote="129829293600000000" />
<file name="trace.js" server="ssl97.heteml.jp//" local="129829293600000000" remote="129829293600000000" />
<file name="work_today.js" server="ssl97.heteml.jp//" local="129829293600000000" remote="129829293600000000" />
</dwsync>